cell_id,dataset,method,seed,n_nodes,total_rounds,ingested_at,final_coverage,final_precision_k,final_n_accepted,final_n_recs,final_n_active_users,final_n_skipped_users,final_mrr@1,final_hits@1,final_mrr@3,final_hits@3,final_mrr@5,final_hits@5,final_mrr@10,final_hits@10,final_hit_rate@1,final_rec_coverage@1,final_unique_recs@1,final_novelty,final_clustering_diff,final_degree_kl,final_replay_size,final_auc_feedback,final_uauc_feedback
email_eu_random_s0,email_eu,random,0,986,30,2026-05-07T02:15:37,0.4609490954310241,0.0459652706843718,45.0,979.0,98.0,0.0,0.0666666666666666,0.0666666666666666,0.1888888888888888,0.3666666666666666,0.2322222222222222,0.5666666666666667,0.2883201058201058,1.0,0.0204081632653061,0.169172932330827,90.0,,,,0.0,,
email_eu_pa_s0,email_eu,pa,0,986,30,2026-05-07T02:15:38,0.473143728188054,0.0389743589743589,38.0,975.0,98.0,0.0,0.3333333333333333,0.3333333333333333,0.4537037037037036,0.6111111111111112,0.5009259259259259,0.8333333333333334,0.526058201058201,1.0,0.0612244897959183,0.142156862745098,29.0,,,,0.0,0.9107875077234174,0.6873346560846562
email_eu_jaccard_s0,email_eu,jaccard,0,986,30,2026-05-07T02:15:39,0.5766777648521801,0.0983606557377049,96.0,976.0,98.0,0.0,0.5294117647058824,0.5294117647058824,0.6323529411764706,0.7352941176470589,0.6544117647058824,0.8235294117647058,0.6804621848739496,1.0,0.1836734693877551,0.1675579322638146,94.0,,,,0.0,0.7782848011363636,0.6712974987974988
dnc_email_cn_s0,dnc_email,cn,0,1866,30,2026-05-07T02:15:40,0.5550117817654522,0.0082056892778993,15.0,1828.0,186.0,0.0,0.5555555555555556,0.5555555555555556,0.5925925925925926,0.6666666666666666,0.5925925925925926,0.6666666666666666,0.6393298059964727,1.0,0.0268817204301075,0.1427135678391959,142.0,,,,0.0,0.9699209413495128,0.717391975308642
dnc_email_aa_s0,dnc_email,aa,0,1866,30,2026-05-07T02:15:40,0.5620808410367953,0.0060142154182613,11.0,1829.0,186.0,0.0,0.6666666666666666,0.6666666666666666,0.6666666666666666,0.6666666666666666,0.6666666666666666,0.6666666666666666,0.7037037037037036,1.0,0.021505376344086,0.1486349848331648,147.0,,,,0.0,0.9757475747574758,0.6718518518518518
email_eu_graphsage_emb_s0,email_eu,graphsage_emb,0,986,30,2026-05-07T02:15:47,0.458060892935938,0.0337078651685393,33.0,979.0,98.0,0.0,0.2666666666666666,0.2666666666666666,0.3777777777777778,0.5333333333333333,0.4077777777777777,0.6666666666666666,0.4536772486772486,1.0,0.0408163265306122,0.1620253164556962,64.0,,,,0.0,0.5642577999871868,0.5553677248677249
dnc_email_gnn_s0,dnc_email,gnn,0,1866,30,2026-05-07T02:15:57,0.4690955229291281,0.0032804811372334,6.0,1829.0,186.0,0.0,0.1666666666666666,0.1666666666666666,0.3611111111111111,0.6666666666666666,0.3611111111111111,0.6666666666666666,0.4015873015873015,1.0,0.0053763440860215,0.1436567164179104,154.0,,,,0.0,0.0250502834156153,0.6296296296296297
dnc_email_gnn_h32_s0,dnc_email,gnn_h32,0,1866,30,2026-05-07T02:16:00,0.5133224578575313,0.0005497526113249,1.0,1819.0,186.0,0.0,0.0,0.0,0.0,0.0,0.25,1.0,0.25,1.0,0.0,0.1421933085501859,153.0,,,,0.0,0.0852585258525853,0.6666666666666667
dnc_email_gnn_concat_s0,dnc_email,gnn_concat,0,1866,30,2026-05-07T02:16:01,0.459126336777234,0.0016411378555798,3.0,1828.0,186.0,0.0,0.0,0.0,0.2222222222222222,0.6666666666666666,0.3055555555555555,1.0,0.3055555555555555,1.0,0.0,0.1461318051575931,153.0,,,,0.0,0.3511415525114155,0.5925925925925927
dnc_email_gnn_concat_h8_s0,dnc_email,gnn_concat_h8,0,1866,30,2026-05-07T02:16:02,0.4373753851731013,0.0010940919037199,2.0,1828.0,186.0,0.0,0.0,0.0,0.0,0.0,0.0,0.0,0.1269841269841269,1.0,0.0,0.1500974658869395,154.0,,,,0.0,0.593921139101862,0.2222222222222222
dnc_email_gnn_sum_s0,dnc_email,gnn_sum,0,1866,30,2026-05-07T02:16:03,0.4796084828711256,0.0038293216630196,7.0,1828.0,186.0,0.0,0.25,0.25,0.4583333333333333,0.75,0.4583333333333333,0.75,0.5,1.0,0.0053763440860215,0.1391554702495201,145.0,,,,0.0,0.1335608378441986,0.6788194444444444
dnc_email_jaccard_s0,dnc_email,jaccard,0,1866,30,2026-05-07T02:16:08,0.5234729019394598,0.0049234135667396,9.0,1828.0,186.0,0.0,0.25,0.25,0.25,0.25,0.25,0.25,0.3523809523809524,1.0,0.0053763440860215,0.1476510067114094,154.0,,,,0.0,0.7480300531427524,0.2646329365079365
dnc_email_pa_s0,dnc_email,pa,0,1866,30,2026-05-07T02:16:09,0.5278230922602863,0.0049207217058501,9.0,1829.0,186.0,0.0,0.2,0.2,0.3666666666666666,0.6,0.3666666666666666,0.6,0.4116666666666667,1.0,0.0053763440860215,0.1370499419279907,118.0,,,,0.0,0.9555555555555556,0.4534722222222222
dnc_email_gnn_sum_h8_s0,dnc_email,gnn_sum_h8,0,1866,30,2026-05-07T02:16:09,0.4801522566612289,0.0032822757111597,6.0,1828.0,186.0,0.0,0.3333333333333333,0.3333333333333333,0.5,0.6666666666666666,0.5,0.6666666666666666,0.5476190476190476,1.0,0.0053763440860215,0.1501014198782961,148.0,,,,0.0,0.4973472374679838,0.7093253968253969
dnc_email_random_s0,dnc_email,random,0,1866,30,2026-05-07T02:16:10,0.4607576581475439,0.0049234135667396,9.0,1828.0,186.0,0.0,0.1666666666666666,0.1666666666666666,0.3055555555555555,0.5,0.3055555555555555,0.5,0.3779761904761904,1.0,0.0053763440860215,0.1641929499072356,177.0,,,,0.0,,
college_msg_aa_s0,college_msg,aa,0,1899,30,2026-05-07T02:16:16,0.4341249507292077,0.0077648363838047,14.0,1803.0,189.0,0.0,0.25,0.25,0.3472222222222222,0.5,0.3847222222222222,0.6666666666666666,0.4301917989417989,1.0,0.0158730158730158,0.156355455568054,139.0,,,,0.0,0.9168529904974848,0.621031746031746
college_msg_cn_s0,college_msg,cn,0,1899,30,2026-05-07T02:16:17,0.4319570358691367,0.0088790233074361,16.0,1802.0,189.0,0.0,0.0714285714285714,0.0714285714285714,0.1428571428571428,0.2142857142857142,0.1892857142857142,0.4285714285714285,0.2645408163265306,1.0,0.0052910052910052,0.1510710259301014,134.0,,,,0.0,0.890152575587906,0.4260912698412699
dnc_email_graphsage_emb_s0,dnc_email,graphsage_emb,0,1866,30,2026-05-07T02:16:17,0.4446257023744789,0.0010940919037199,2.0,1828.0,186.0,0.0,0.0,0.0,0.25,0.5,0.25,0.5,0.3,1.0,0.0,0.1849912739965096,106.0,,,,0.0,0.1447152245345016,0.3611111111111111
dnc_email_gat_emb_s0,dnc_email,gat_emb,0,1866,30,2026-05-07T02:16:27,0.4642015588181983,0.0005470459518599,1.0,1828.0,186.0,0.0,0.0,0.0,0.0,0.0,0.0,0.0,0.1111111111111111,1.0,0.0,0.1516314779270633,158.0,,,,0.0,0.8379857690202518,0.1111111111111111
college_msg_gnn_s0,college_msg,gnn,0,1899,30,2026-05-07T02:16:29,0.4375739061884115,0.011104941699056,20.0,1801.0,189.0,0.0,0.6875,0.6875,0.7395833333333334,0.8125,0.7833333333333333,1.0,0.7833333333333333,1.0,0.0582010582010582,0.1622119815668203,176.0,,,,0.0,0.150435148792813,0.8676215277777777
college_msg_gat_emb_s0,college_msg,gat_emb,0,1899,30,2026-05-07T02:16:31,0.4243200630666141,0.005,9.0,1800.0,189.0,0.0,0.125,0.125,0.125,0.125,0.125,0.125,0.2282738095238095,1.0,0.0052910052910052,0.1594059405940594,161.0,,,,0.0,0.2133817234319747,0.2847222222222222
college_msg_gnn_h32_s0,college_msg,gnn_h32,0,1899,30,2026-05-07T02:16:37,0.444176192353173,0.009972299168975,18.0,1805.0,189.0,0.0,0.5,0.5,0.625,0.75,0.625,0.75,0.6574074074074074,1.0,0.0317460317460317,0.1612301957129543,173.0,,,,0.0,0.2908972206677858,0.7432622354497355
college_msg_gnn_concat_h8_s0,college_msg,gnn_concat_h8,0,1899,30,2026-05-07T02:16:38,0.4117067402443831,0.0033351862145636,6.0,1799.0,189.0,0.0,0.1666666666666666,0.1666666666666666,0.1666666666666666,0.1666666666666666,0.3083333333333333,0.8333333333333334,0.3268518518518518,1.0,0.0052910052910052,0.1578947368421052,171.0,,,,0.0,0.2393567577616657,0.4444444444444445
college_msg_gnn_concat_s0,college_msg,gnn_concat,0,1899,30,2026-05-07T02:16:39,0.4425502562081198,0.0060908084163898,11.0,1806.0,189.0,0.0,0.8,0.8,0.8,0.8,0.8,0.8,0.8222222222222222,1.0,0.0423280423280423,0.1671641791044776,168.0,,,,0.0,0.1907065079767029,0.8125
college_msg_jaccard_s0,college_msg,jaccard,0,1899,30,2026-05-07T02:16:44,0.4215116279069767,0.0049861495844875,9.0,1805.0,189.0,0.0,0.25,0.25,0.3125,0.375,0.3375,0.5,0.4003472222222222,1.0,0.0105820105820105,0.1662024141132776,179.0,,,,0.0,0.6369091808958179,0.5416666666666667
college_msg_random_s0,college_msg,random,0,1899,30,2026-05-07T02:16:46,0.4233839180134016,0.0083148558758314,15.0,1804.0,189.0,0.0,0.1428571428571428,0.1428571428571428,0.2619047619047619,0.4285714285714285,0.3119047619047619,0.6428571428571429,0.3550453514739229,1.0,0.0105820105820105,0.1672932330827067,178.0,,,,0.0,,
college_msg_pa_s0,college_msg,pa,0,1899,30,2026-05-07T02:16:46,0.4384115096570752,0.0111607142857142,20.0,1792.0,189.0,0.0,0.3333333333333333,0.3333333333333333,0.4166666666666667,0.5555555555555556,0.4388888888888889,0.6666666666666666,0.4840828924162257,1.0,0.0317460317460317,0.1409001956947162,72.0,,,,0.0,0.8773560948081264,0.6458333333333334
college_msg_gnn_sum_s0,college_msg,gnn_sum,0,1899,30,2026-05-07T02:16:49,0.4316121403232164,0.0083148558758314,15.0,1804.0,189.0,0.0,0.4166666666666667,0.4166666666666667,0.5555555555555555,0.75,0.5555555555555555,0.75,0.5844907407407407,1.0,0.0264550264550264,0.1552555448408871,161.0,,,,0.0,0.1819265884106577,0.6574074074074074
college_msg_gnn_sum_h8_s0,college_msg,gnn_sum_h8,0,1899,30,2026-05-07T02:16:50,0.4339771383523847,0.0094182825484764,17.0,1805.0,189.0,0.0,0.5,0.5,0.6527777777777778,0.8333333333333334,0.6902777777777778,1.0,0.6902777777777778,1.0,0.0317460317460317,0.1633714880332986,157.0,,,,0.0,0.374819055138834,0.8584656084656087
college_msg_graphsage_emb_s0,college_msg,graphsage_emb,0,1899,30,2026-05-07T02:16:51,0.4243693338588885,0.0072142064372918,13.0,1802.0,189.0,0.0,0.1111111111111111,0.1111111111111111,0.2222222222222222,0.3333333333333333,0.2444444444444444,0.4444444444444444,0.3308641975308642,1.0,0.0052910052910052,0.1773142112125163,136.0,,,,0.0,0.2899342133551189,0.529431216931217
bitcoin_alpha_cn_s0,bitcoin_alpha,cn,0,3783,30,2026-05-07T02:17:01,0.4725047548168362,0.0133481646273637,48.0,3596.0,378.0,0.0,0.3333333333333333,0.3333333333333333,0.45,0.6,0.4966666666666667,0.8,0.5209656084656085,1.0,0.0264550264550264,0.1671641791044776,280.0,,,,0.0,0.930985179443818,0.6400628306878308
bitcoin_alpha_aa_s0,bitcoin_alpha,aa,0,3783,30,2026-05-07T02:17:02,0.4765980319192922,0.0125173852573018,45.0,3595.0,378.0,0.0,0.25,0.25,0.4107142857142857,0.6428571428571429,0.4267857142857143,0.7142857142857143,0.4633786848072562,1.0,0.0185185185185185,0.1654888103651354,281.0,,,,0.0,0.9364851330203444,0.6100836167800453
bitcoin_alpha_gnn_s0,bitcoin_alpha,gnn,0,3783,30,2026-05-07T02:17:29,0.4427768130323327,0.0086350974930362,31.0,3590.0,378.0,0.0,0.5454545454545454,0.5454545454545454,0.6666666666666666,0.8181818181818182,0.687121212121212,0.9090909090909092,0.6967171717171716,1.0,0.0317460317460317,0.167618059159315,323.0,,,,0.0,0.1213053684887926,0.7975378787878789
bitcoin_alpha_gat_emb_s0,bitcoin_alpha,gat_emb,0,3783,30,2026-05-07T02:17:33,0.4325642933928719,0.0055803571428571,20.0,3584.0,378.0,0.0,0.2352941176470588,0.2352941176470588,0.2549019607843137,0.2941176470588235,0.2784313725490196,0.4117647058823529,0.3570028011204482,1.0,0.0105820105820105,0.1646673936750272,302.0,,,,0.0,0.283733164983165,0.4705882352941176
bitcoin_alpha_gnn_concat_s0,bitcoin_alpha,gnn_concat,0,3783,30,2026-05-07T02:17:35,0.4526999090382866,0.0064066852367688,23.0,3590.0,378.0,0.0,0.631578947368421,0.631578947368421,0.6842105263157895,0.7368421052631579,0.7052631578947368,0.8421052631578947,0.7238930659983291,1.0,0.0317460317460317,0.1698502839442436,329.0,,,,0.0,0.1734254823807608,0.7759502923976608
bitcoin_alpha_gnn_h32_s0,bitcoin_alpha,gnn_h32,0,3783,30,2026-05-07T02:17:42,0.4678326304473662,0.0125348189415041,45.0,3590.0,378.0,0.0,0.6,0.6,0.6888888888888888,0.8,0.7038888888888888,0.8666666666666667,0.7215079365079364,1.0,0.0476190476190476,0.1690743713215623,316.0,,,,0.0,0.2557624196834351,0.824371693121693
bitcoin_alpha_gnn_concat_h8_s0,bitcoin_alpha,gnn_concat_h8,0,3783,30,2026-05-07T02:17:45,0.4136277185148433,0.0025160749231199,9.0,3577.0,378.0,0.0,0.0,0.0,0.1666666666666666,0.4285714285714285,0.1952380952380952,0.5714285714285714,0.2511904761904762,1.0,0.0,0.170514165792235,325.0,,,,0.0,0.5951980568011959,0.5192743764172335
bitcoin_alpha_jaccard_s0,bitcoin_alpha,jaccard,0,3783,30,2026-05-07T02:17:58,0.4420739270652443,0.009502515371716,34.0,3578.0,378.0,0.0,0.2631578947368421,0.2631578947368421,0.3771929824561403,0.5263157894736842,0.4166666666666666,0.6842105263157895,0.4600041771094402,1.0,0.0132275132275132,0.1701056869652742,338.0,,,,0.0,0.5912436927366883,0.6060964912280703
bitcoin_alpha_pa_s0,bitcoin_alpha,pa,0,3783,30,2026-05-07T02:18:00,0.4648970478789382,0.0100446428571428,36.0,3584.0,378.0,0.0,0.2222222222222222,0.2222222222222222,0.3580246913580246,0.5555555555555556,0.3895061728395062,0.7037037037037037,0.4281158142269253,1.0,0.0158730158730158,0.1381957773512476,144.0,,,,0.0,0.8571025930101466,0.585629041740153
bitcoin_alpha_random_s0,bitcoin_alpha,random,0,3783,30,2026-05-07T02:18:12,0.4329364094930952,0.0066889632107023,24.0,3588.0,378.0,0.0,0.05,0.05,0.1166666666666666,0.2,0.1616666666666666,0.4,0.2370039682539682,1.0,0.0026455026455026,0.174562306900103,339.0,,,,0.0,,
bitcoin_alpha_gnn_sum_s0,bitcoin_alpha,gnn_sum,0,3783,30,2026-05-07T02:18:14,0.4524518316381378,0.0080802451936472,29.0,3589.0,378.0,0.0,0.4090909090909091,0.4090909090909091,0.5151515151515151,0.6363636363636364,0.5378787878787878,0.7272727272727273,0.5759740259740259,1.0,0.0238095238095238,0.1658615136876006,309.0,,,,0.0,0.2302305308020147,0.7403499278499278
bitcoin_alpha_graphsage_emb_s0,bitcoin_alpha,graphsage_emb,0,3783,30,2026-05-07T02:18:17,0.4253700487885554,0.0025111607142857,9.0,3584.0,378.0,0.0,0.2857142857142857,0.2857142857142857,0.3571428571428571,0.4285714285714285,0.4428571428571428,0.8571428571428571,0.4587301587301587,1.0,0.0052910052910052,0.1814236111111111,209.0,,,,0.0,0.2309246309246309,0.6498015873015872
bitcoin_alpha_gnn_sum_h8_s0,bitcoin_alpha,gnn_sum_h8,0,3783,30,2026-05-07T02:18:18,0.4414950797982304,0.0086399108138238,31.0,3588.0,378.0,0.0,0.5833333333333334,0.5833333333333334,0.6458333333333333,0.75,0.6875,0.9166666666666666,0.6967592592592592,1.0,0.037037037037037,0.1759103641456582,314.0,,,,0.0,0.4630170404563468,0.8055968915343916
advogato_cn_s0,advogato,cn,0,5155,30,2026-05-07T02:18:41,0.5176408189243662,0.0173504796897326,85.0,4899.0,515.0,0.0,0.1587301587301587,0.1587301587301587,0.2513227513227513,0.3809523809523809,0.3013227513227512,0.6031746031746031,0.3525258251448728,1.0,0.0194174757281553,0.1628939192188193,367.0,,,,0.0,0.8681895940761016,0.5157064121945075
advogato_aa_s0,advogato,aa,0,5155,30,2026-05-07T02:18:42,0.5245359074997348,0.0171288743882544,84.0,4904.0,515.0,0.0,0.25,0.25,0.3482142857142857,0.4642857142857143,0.3892857142857142,0.6428571428571429,0.4364725056689342,1.0,0.0271844660194174,0.1616204690831556,379.0,,,,0.0,0.8960259830073108,0.5711982709750567
advogato_gnn_s0,advogato,gnn,0,5155,30,2026-05-07T02:19:22,0.4456985255118277,0.0072001645751902,35.0,4861.0,515.0,0.0,0.25,0.25,0.3154761904761904,0.3928571428571428,0.3636904761904762,0.6071428571428571,0.4107851473922901,1.0,0.0135922330097087,0.169218989280245,442.0,,,,0.0,0.1255254277425848,0.5581774376417233
advogato_gat_emb_s0,advogato,gat_emb,0,5155,30,2026-05-07T02:19:31,0.4561578444892331,0.0131174420987907,64.0,4879.0,515.0,0.0,0.1136363636363636,0.1136363636363636,0.1856060606060605,0.2954545454545454,0.2356060606060606,0.5227272727272727,0.3028138528138527,1.0,0.0097087378640776,0.1707416462917685,419.0,,,,0.0,0.4664135514018691,0.4706304112554113
advogato_gnn_concat_s0,advogato,gnn_concat,0,5155,30,2026-05-07T02:19:53,0.451914713058237,0.0061475409836065,30.0,4880.0,515.0,0.0,0.4444444444444444,0.4444444444444444,0.5185185185185185,0.6296296296296297,0.5277777777777778,0.6666666666666666,0.5690182245737802,1.0,0.0233009708737864,0.1716820987654321,445.0,,,,0.0,0.2468659793814433,0.692092886537331
advogato_gnn_concat_h8_s0,advogato,gnn_concat_h8,0,5155,30,2026-05-07T02:19:54,0.4315476821894558,0.0045342126957955,22.0,4852.0,515.0,0.0,0.1666666666666666,0.1666666666666666,0.2592592592592592,0.3888888888888889,0.2925925925925925,0.5555555555555556,0.3507716049382716,1.0,0.0058252427184466,0.1784735812133072,456.0,,,,0.0,0.4773056653491436,0.5151565255731922
advogato_gnn_h32_s0,advogato,gnn_h32,0,5155,30,2026-05-07T02:20:29,0.4959796329691312,0.0112153344208809,55.0,4904.0,515.0,0.0,0.3720930232558139,0.3720930232558139,0.4922480620155038,0.6511627906976745,0.5131782945736434,0.7441860465116279,0.5473791066814323,1.0,0.0310679611650485,0.1685349826053343,436.0,,,,0.0,0.2888861808432854,0.6877713178294573
advogato_gnn_sum_s0,advogato,gnn_sum,0,5155,30,2026-05-07T02:20:44,0.4598281531770447,0.0069800862245945,34.0,4871.0,515.0,0.0,0.34375,0.34375,0.3645833333333333,0.40625,0.4067708333333333,0.59375,0.4592757936507936,1.0,0.0213592233009708,0.172386895475819,442.0,,,,0.0,0.1765526760631893,0.5861545138888888
advogato_jaccard_s0,advogato,jaccard,0,5155,30,2026-05-07T02:20:55,0.4921395990240798,0.0145402416547204,71.0,4883.0,515.0,0.0,0.2826086956521739,0.2826086956521739,0.3840579710144928,0.5434782608695652,0.4166666666666666,0.6956521739130435,0.4540027605244996,1.0,0.0252427184466019,0.1767545488303007,476.0,,,,0.0,0.7483199278798309,0.5559653209109732
advogato_graphsage_emb_s0,advogato,graphsage_emb,0,5155,30,2026-05-07T02:21:02,0.4458258194547576,0.0057672502574665,28.0,4855.0,515.0,0.0,0.1481481481481481,0.1481481481481481,0.2160493827160493,0.2962962962962963,0.2623456790123457,0.4814814814814814,0.3266901822457377,1.0,0.0077669902912621,0.1976878612716763,342.0,,,,0.0,0.6232760661753824,0.4735082304526749
advogato_gnn_sum_h8_s0,advogato,gnn_sum_h8,0,5155,30,2026-05-07T02:21:06,0.451851066086772,0.008415435139573,41.0,4872.0,515.0,0.0,0.2424242424242424,0.2424242424242424,0.3737373737373737,0.5757575757575758,0.3949494949494949,0.6666666666666666,0.436063011063011,1.0,0.0155339805825242,0.1758064516129032,436.0,,,,0.0,0.3983470573683174,0.5734427609427609
advogato_pa_s0,advogato,pa,0,5155,30,2026-05-07T02:21:09,0.4661716346663838,0.0063485562154413,31.0,4883.0,515.0,0.0,0.1333333333333333,0.1333333333333333,0.2333333333333333,0.3333333333333333,0.2583333333333333,0.4333333333333333,0.3295238095238095,1.0,0.0077669902912621,0.1295754026354319,177.0,,,,0.0,0.7578318219291014,0.4760416666666666
advogato_random_s0,advogato,random,0,5155,30,2026-05-07T02:21:20,0.4600615254057494,0.0158240854911631,77.0,4866.0,515.0,0.0,0.0677966101694915,0.0677966101694915,0.1666666666666666,0.3220338983050847,0.2259887005649717,0.5932203389830508,0.2788068334678504,1.0,0.0077669902912621,0.1795580110497237,455.0,,,,0.0,,
bitcoin_otc_aa_s0,bitcoin_otc,aa,0,5881,30,2026-05-07T02:21:42,0.4659474039109912,0.0089063056644104,50.0,5614.0,588.0,0.0,0.3142857142857143,0.3142857142857143,0.4047619047619048,0.5142857142857142,0.4233333333333334,0.6,0.4737074829931973,1.0,0.0187074829931972,0.1545551222970577,436.0,,,,0.0,0.9184651329978432,0.5327380952380953
bitcoin_otc_cn_s0,bitcoin_otc,cn,0,5881,30,2026-05-07T02:21:42,0.4643459204315576,0.0096325365679628,54.0,5606.0,588.0,0.0,0.5185185185185185,0.5185185185185185,0.6049382716049382,0.7407407407407407,0.6197530864197531,0.8148148148148148,0.6400205761316874,1.0,0.0238095238095238,0.1534670890531503,436.0,,,,0.0,0.94728793094247,0.5731120268620268
bitcoin_otc_gat_emb_s0,bitcoin_otc,gat_emb,0,5881,30,2026-05-07T02:23:04,0.4260788941335131,0.0026852846401718,15.0,5586.0,588.0,0.0,0.4166666666666667,0.4166666666666667,0.4166666666666667,0.4166666666666667,0.4375,0.5,0.5005621693121692,1.0,0.0085034013605442,0.160080375083724,478.0,,,,0.0,0.4311135044576079,0.4851603835978835
bitcoin_otc_gnn_s0,bitcoin_otc,gnn,0,5881,30,2026-05-07T02:23:06,0.4381883569341425,0.0041144901610017,23.0,5590.0,588.0,0.0,0.4736842105263157,0.4736842105263157,0.5614035087719298,0.6842105263157895,0.5982456140350877,0.8421052631578947,0.6203842940685046,1.0,0.0153061224489795,0.1623003194888179,508.0,,,,0.0,0.1034668582719597,0.6824926900584795
bitcoin_otc_gnn_concat_s0,bitcoin_otc,gnn_concat,0,5881,30,2026-05-07T02:23:15,0.4447909642616318,0.0048162682839814,27.0,5606.0,588.0,0.0,0.5652173913043478,0.5652173913043478,0.6376811594202898,0.7391304347826086,0.6789855072463769,0.9130434782608696,0.6905797101449275,1.0,0.0221088435374149,0.1649122807017544,517.0,,,,0.0,0.1790709871011,0.7903467908902692
bitcoin_otc_gnn_h32_s0,bitcoin_otc,gnn_h32,0,5881,30,2026-05-07T02:24:30,0.4569285232636547,0.0071313959707612,40.0,5609.0,588.0,0.0,0.5517241379310345,0.5517241379310345,0.6436781609195401,0.7586206896551724,0.6695402298850573,0.8620689655172413,0.686535303776683,1.0,0.0272108843537414,0.1566805511054149,489.0,,,,0.0,0.1870757766205782,0.7737240010946906
bitcoin_otc_gnn_concat_h8_s0,bitcoin_otc,gnn_concat_h8,0,5881,30,2026-05-07T02:24:34,0.4137727579231288,0.0016152189519023,9.0,5572.0,588.0,0.0,0.125,0.125,0.25,0.375,0.30625,0.625,0.3575892857142857,1.0,0.0017006802721088,0.1650207072316024,518.0,,,,0.0,0.5516408013262228,0.4210069444444444
bitcoin_otc_gnn_sum_s0,bitcoin_otc,gnn_sum,0,5881,30,2026-05-07T02:24:46,0.443863789615644,0.0062645426883837,35.0,5587.0,588.0,0.0,0.2692307692307692,0.2692307692307692,0.4102564102564103,0.5769230769230769,0.4794871794871795,0.8846153846153846,0.4961996336996336,1.0,0.0119047619047619,0.1581349853276817,485.0,,,,0.0,0.1924377315767806,0.6877289377289378
bitcoin_otc_jaccard_s0,bitcoin_otc,jaccard,0,5881,30,2026-05-07T02:25:18,0.4364463924477411,0.005374417771408,30.0,5582.0,588.0,0.0,0.2777777777777778,0.2777777777777778,0.3703703703703703,0.5,0.4203703703703703,0.7222222222222222,0.4593253968253968,1.0,0.0085034013605442,0.1659535452322738,543.0,,,,0.0,0.5737992315081653,0.5282738095238096
bitcoin_otc_pa_s0,bitcoin_otc,pa,0,5881,30,2026-05-07T02:25:49,0.4569004270622612,0.0067567567567567,38.0,5624.0,588.0,0.0,0.2142857142857142,0.2142857142857142,0.380952380952381,0.6428571428571429,0.4148809523809524,0.7857142857142857,0.4436507936507937,1.0,0.010204081632653,0.1328886608517188,259.0,,,,0.0,0.9165677351272918,0.6514002267573696
bitcoin_otc_graphsage_emb_s0,bitcoin_otc,graphsage_emb,0,5881,30,2026-05-07T02:25:59,0.4224544841537424,0.0032148597963922,18.0,5599.0,588.0,0.0,0.0,0.0,0.0625,0.125,0.146875,0.5,0.2191716269841269,1.0,0.0,0.1791713325867861,320.0,,,,0.0,0.2825857572318779,0.4261284722222222
bitcoin_otc_gnn_sum_h8_s0,bitcoin_otc,gnn_sum_h8,0,5881,30,2026-05-07T02:26:03,0.4380197797257811,0.0055268318773399,31.0,5609.0,588.0,0.0,0.55,0.55,0.675,0.9,0.675,0.9,0.6904761904761905,1.0,0.0187074829931972,0.1663258350374915,488.0,,,,0.0,0.4201847118287281,0.7868551587301588
bitcoin_otc_random_s0,bitcoin_otc,random,0,5881,30,2026-05-07T02:26:20,0.4281018206338503,0.0041078764065011,23.0,5599.0,588.0,0.0,0.1363636363636363,0.1363636363636363,0.2196969696969697,0.3181818181818182,0.3015151515151515,0.6818181818181818,0.343037518037518,1.0,0.0051020408163265,0.1692456479690522,525.0,,,,0.0,,
wiki_vote_aa_s0,wiki_vote,aa,0,7115,30,2026-05-07T02:27:07,0.4470966061973787,0.0165631469979296,112.0,6762.0,711.0,0.0,0.15625,0.15625,0.2838541666666666,0.5,0.3338541666666667,0.71875,0.3686135912698413,1.0,0.0140646976090014,0.16256,508.0,,,,0.0,0.917375805585392,0.4964425223214286
wiki_vote_cn_s0,wiki_vote,cn,0,7115,30,2026-05-07T02:27:18,0.4463540009065571,0.0162962962962962,110.0,6750.0,711.0,0.0,0.2321428571428571,0.2321428571428571,0.3392857142857143,0.5,0.3883928571428571,0.7142857142857143,0.4276077097505669,1.0,0.0182841068917018,0.160812117305833,499.0,,,,0.0,0.9267579408543264,0.5102908871882087
wiki_vote_gnn_s0,wiki_vote,gnn,0,7115,30,2026-05-07T02:29:30,0.4145473483204583,0.0058122205663189,39.0,6710.0,711.0,0.0,0.25,0.25,0.3854166666666666,0.5625,0.4057291666666666,0.65625,0.4516741071428571,1.0,0.0112517580872011,0.1665274296853244,598.0,,,,0.0,0.1186440352232587,0.5196397569444444
wiki_vote_gat_emb_s0,wiki_vote,gat_emb,0,7115,30,2026-05-07T02:29:38,0.4199866909701125,0.0072862453531598,49.0,6725.0,711.0,0.0,0.1666666666666666,0.1666666666666666,0.2962962962962962,0.5,0.3699074074074074,0.8333333333333334,0.3895723104056437,1.0,0.0084388185654008,0.1664788732394366,591.0,,,,0.0,0.1424689108717183,0.5617835097001763
wiki_vote_gnn_concat_s0,wiki_vote,gnn_concat,0,7115,30,2026-05-07T02:31:58,0.4203724599523575,0.0057975323323918,39.0,6727.0,711.0,0.0,0.1379310344827586,0.1379310344827586,0.2758620689655172,0.4827586206896552,0.3120689655172414,0.6551724137931034,0.3532019704433497,1.0,0.0056258790436005,0.1642594165958651,580.0,,,,0.0,0.3359576278984173,0.5224240558292282
wiki_vote_gnn_concat_h8_s0,wiki_vote,gnn_concat_h8,0,7115,30,2026-05-07T02:32:00,0.4208353827310515,0.0087994034302759,59.0,6705.0,711.0,0.0,0.1666666666666666,0.1666666666666666,0.3472222222222222,0.5833333333333334,0.3819444444444444,0.75,0.416358024691358,1.0,0.0084388185654008,0.166002277904328,583.0,,,,0.0,0.7655809279954298,0.5795359347442681
wiki_vote_gnn_h32_s0,wiki_vote,gnn_h32,0,7115,30,2026-05-07T02:34:12,0.4335946918188043,0.0105576208178438,71.0,6725.0,711.0,0.0,0.1875,0.1875,0.3472222222222221,0.5416666666666666,0.3815972222222221,0.6875,0.4256531084656084,1.0,0.0126582278481012,0.1636879432624113,577.0,,,,0.0,0.5326341880558978,0.6078145667989417
wiki_vote_gnn_sum_s0,wiki_vote,gnn_sum,0,7115,30,2026-05-07T02:34:23,0.4248184474727309,0.0071471113758189,48.0,6716.0,711.0,0.0,0.15625,0.15625,0.3020833333333333,0.5,0.3583333333333333,0.75,0.3944816468253969,1.0,0.0070323488045007,0.1617189708792762,572.0,,,,0.0,0.2981013172365526,0.5824342757936508
wiki_vote_gnn_sum_h8_s0,wiki_vote,gnn_sum_h8,0,7115,30,2026-05-07T02:36:36,0.4211150652431791,0.0056598153112898,38.0,6714.0,711.0,0.0,0.2222222222222222,0.2222222222222222,0.3580246913580246,0.5555555555555556,0.3932098765432098,0.7037037037037037,0.4322310405643738,1.0,0.0084388185654008,0.1558065450333043,538.0,,,,0.0,0.6837552426602755,0.5748228982951206
wiki_vote_graphsage_emb_s0,wiki_vote,graphsage_emb,0,7115,30,2026-05-07T02:36:41,0.4211247094677352,0.0062444246208742,42.0,6726.0,711.0,0.0,0.0689655172413793,0.0689655172413793,0.132183908045977,0.2068965517241379,0.1925287356321839,0.4827586206896552,0.2633552271483306,1.0,0.0028129395218002,0.2094861660079051,424.0,,,,0.0,0.6786319854093642,0.3906335522714833
wiki_vote_jaccard_s0,wiki_vote,jaccard,0,7115,30,2026-05-07T02:37:35,0.4392944285314739,0.0153410783437593,103.0,6714.0,711.0,0.0,0.26,0.26,0.33,0.42,0.3939999999999999,0.7,0.4350714285714285,1.0,0.0182841068917018,0.1779213153258954,606.0,,,,0.0,0.7675659719825592,0.4874722222222222
wiki_vote_pa_s0,wiki_vote,pa,0,7115,30,2026-05-07T02:37:36,0.4311643472306609,0.0091797453360971,62.0,6754.0,711.0,0.0,0.225,0.225,0.3125,0.45,0.355,0.625,0.4037003968253968,1.0,0.0126582278481012,0.1319353429445172,302.0,,,,0.0,0.9185944218421612,0.5037480158730159
wiki_vote_random_s0,wiki_vote,random,0,7115,30,2026-05-07T02:38:33,0.4239215345890114,0.0099259259259259,67.0,6750.0,711.0,0.0,0.125,0.125,0.2326388888888888,0.3958333333333333,0.2722222222222222,0.5625,0.3312996031746031,1.0,0.0084388185654008,0.1757170704539125,631.0,,,,0.0,,
sx_mathoverflow_aa_s0,sx_mathoverflow,aa,0,24759,30,2026-05-07T02:39:10,0.4024588689904426,0.0088383838383838,21.0,2376.0,247.0,0.0,0.375,0.375,0.375,0.375,0.4625,0.75,0.4989583333333334,1.0,0.0121457489878542,0.1157684630738523,232.0,,,,0.0,0.9650793650793652,0.4581001984126984
sx_mathoverflow_cn_s0,sx_mathoverflow,cn,0,24759,30,2026-05-07T02:39:45,0.4024457105762947,0.0143097643097643,34.0,2376.0,247.0,0.0,0.2222222222222222,0.2222222222222222,0.3425925925925925,0.5,0.3648148148148148,0.6111111111111112,0.4161155202821869,1.0,0.0161943319838056,0.112943528235882,226.0,,,,0.0,0.9591286984477824,0.6021715167548501
sx_mathoverflow_gat_emb_s0,sx_mathoverflow,gat_emb,0,24759,30,2026-05-07T02:40:47,0.4009719681917268,0.0033670033670033,8.0,2376.0,247.0,0.0,0.2,0.2,0.3333333333333333,0.6,0.3333333333333333,0.6,0.3869047619047618,1.0,0.0040485829959514,0.1102325581395348,237.0,,,,0.0,0.1599714949324324,0.6055555555555556
sx_mathoverflow_gnn_s0,sx_mathoverflow,gnn,0,24759,30,2026-05-07T02:41:46,0.4009982850200227,0.0025252525252525,6.0,2376.0,247.0,0.0,0.6,0.6,0.7666666666666666,1.0,0.7666666666666666,1.0,0.7666666666666666,1.0,0.0121457489878542,0.1112618724559023,246.0,,,,0.0,0.1168073136427566,0.915277777777778
sx_mathoverflow_gnn_concat_s0,sx_mathoverflow,gnn_concat,0,24759,30,2026-05-07T02:42:51,0.4011079384712554,0.0021043771043771,5.0,2376.0,247.0,0.0,0.0,0.0,0.3333333333333333,0.75,0.3333333333333333,0.75,0.3583333333333333,1.0,0.0,0.1126105165193113,242.0,,,,0.0,0.1060312104597216,0.71875
sx_mathoverflow_gnn_concat_h8_s0,sx_mathoverflow,gnn_concat_h8,0,24759,30,2026-05-07T02:43:55,0.4005026514204508,0.0016835016835016,4.0,2376.0,247.0,0.0,0.0,0.0,0.0,0.0,0.0,0.0,0.1547619047619047,1.0,0.0,0.1124479407681628,243.0,,,,0.0,0.4175274030354132,0.5277777777777778
sx_mathoverflow_gnn_h32_s0,sx_mathoverflow,gnn_h32,0,24759,30,2026-05-07T02:44:53,0.4016518195893697,0.0025252525252525,6.0,2376.0,247.0,0.0,0.2,0.2,0.3666666666666666,0.6,0.3666666666666666,0.6,0.4152380952380952,1.0,0.0040485829959514,0.1102974828375286,241.0,,,,0.0,0.2148382559774964,0.6736111111111112
sx_mathoverflow_gnn_sum_s0,sx_mathoverflow,gnn_sum,0,24759,30,2026-05-07T02:45:57,0.4010816216429596,0.0021043771043771,5.0,2376.0,247.0,0.0,0.25,0.25,0.3333333333333333,0.5,0.3333333333333333,0.5,0.40625,1.0,0.0040485829959514,0.1114206128133704,240.0,,,,0.0,0.1444116406579502,0.6041666666666666
sx_mathoverflow_gnn_sum_h8_s0,sx_mathoverflow,gnn_sum_h8,0,24759,30,2026-05-07T02:47:00,0.4010640770907623,0.005050505050505,12.0,2376.0,247.0,0.0,0.25,0.25,0.3541666666666666,0.5,0.4416666666666666,0.875,0.4595238095238094,1.0,0.0080971659919028,0.1152542372881356,238.0,,,,0.0,0.4665820642978003,0.703125
sx_mathoverflow_graphsage_emb_s0,sx_mathoverflow,graphsage_emb,0,24759,30,2026-05-07T02:48:02,0.401116710747354,0.0042087542087542,10.0,2376.0,247.0,0.0,0.2857142857142857,0.2857142857142857,0.4047619047619047,0.5714285714285714,0.4333333333333333,0.7142857142857143,0.467063492063492,1.0,0.0080971659919028,0.1193548387096774,222.0,,,,0.0,0.8263102282333052,0.6200396825396826
sx_mathoverflow_jaccard_s0,sx_mathoverflow,jaccard,0,24759,30,2026-05-07T02:48:37,0.4012921562693264,0.0046296296296296,11.0,2376.0,247.0,0.0,0.1666666666666666,0.1666666666666666,0.2222222222222222,0.3333333333333333,0.2222222222222222,0.3333333333333333,0.3073412698412698,1.0,0.0040485829959514,0.1110112359550561,247.0,,,,0.0,0.6017105516048433,0.4097222222222222
sx_mathoverflow_pa_s0,sx_mathoverflow,pa,0,24759,30,2026-05-07T02:49:13,0.4021737700172375,0.0075757575757575,18.0,2376.0,247.0,0.0,0.1428571428571428,0.1428571428571428,0.3571428571428571,0.6428571428571429,0.3571428571428571,0.6428571428571429,0.4009920634920634,1.0,0.0080971659919028,0.1077529566360052,164.0,,,,0.0,0.945622467250966,0.5778769841269842
sx_mathoverflow_random_s0,sx_mathoverflow,random,0,24759,30,2026-05-07T02:49:46,0.4006035325955849,0.0016835016835016,4.0,2376.0,247.0,0.0,0.0,0.0,0.0,0.0,0.125,0.5,0.1979166666666666,1.0,0.0,0.1124942369755647,244.0,,,,0.0,,
email_eu_seal_s0,email_eu,seal,0,986,30,2026-05-07T02:58:11,0.5014641582093144,0.0317297850562947,31.0,977.0,98.0,0.0,0.0952380952380952,0.0952380952380952,0.2142857142857142,0.3809523809523809,0.2238095238095237,0.4285714285714285,0.2943688586545729,1.0,0.0204081632653061,0.1642066420664206,89.0,,,,0.0,0.2411000477392074,0.4018291761148904
epinions_aa_s0,epinions,aa,0,75879,30,2026-05-07T03:01:06,0.4084274531922796,0.0145213590864232,103.0,7093.0,758.0,0.0,0.4333333333333333,0.4333333333333333,0.5638888888888889,0.7166666666666667,0.5788888888888889,0.7833333333333333,0.6089285714285714,1.0,0.0343007915567282,0.1185939553219448,722.0,,,,0.0,0.9582774282261762,0.6518222080498867
epinions_cn_s0,epinions,cn,0,75879,30,2026-05-07T03:03:56,0.4078594913498822,0.0164928108260501,117.0,7094.0,758.0,0.0,0.4242424242424242,0.4242424242424242,0.5883838383838383,0.7878787878787878,0.6080808080808082,0.8787878787878788,0.6238576238576239,1.0,0.0369393139841688,0.1187304719618483,722.0,,,,0.0,0.9327282928400888,0.6481774833589351
epinions_gat_emb_s0,epinions,gat_emb,0,75879,30,2026-05-07T03:08:24,0.4035771769741587,0.0080417607223476,57.0,7088.0,758.0,0.0,0.2954545454545454,0.2954545454545454,0.4848484848484849,0.7045454545454546,0.506439393939394,0.7954545454545454,0.533044733044733,1.0,0.0171503957783641,0.1186027619821283,730.0,,,,0.0,0.196635451521707,0.6321924603174602
epinions_gnn_s0,epinions,gnn,0,75879,30,2026-05-07T03:12:32,0.4035594895811429,0.0073332393174446,52.0,7091.0,758.0,0.0,0.4358974358974359,0.4358974358974359,0.5427350427350427,0.6666666666666666,0.5773504273504273,0.8205128205128205,0.6026556776556776,1.0,0.0224274406332453,0.1190093277581215,740.0,,,,0.0,0.0780172555105074,0.6282879818594104
epinions_gnn_concat_s0,epinions,gnn_concat,0,75879,30,2026-05-07T03:16:57,0.4040154312677734,0.0083215796897038,59.0,7090.0,758.0,0.0,0.4772727272727273,0.4772727272727273,0.6022727272727273,0.75,0.6284090909090909,0.8636363636363636,0.6481331168831169,1.0,0.0277044854881266,0.1186630417399648,742.0,,,,0.0,0.1048624855060759,0.6866071428571429
dnc_email_seal_s0,dnc_email,seal,0,1866,30,2026-05-07T03:18:38,0.5049845930759471,0.0043980208905992,8.0,1819.0,186.0,0.0,0.0,0.0,0.0666666666666666,0.2,0.1166666666666666,0.4,0.1852380952380952,1.0,0.0,0.1513671875,155.0,,,,0.0,0.1246548868028713,0.2154761904761904
epinions_gnn_concat_h8_s0,epinions,gnn_concat_h8,0,75879,30,2026-05-07T03:21:37,0.402602405092397,0.0060665914221218,43.0,7088.0,758.0,0.0,0.4516129032258064,0.4516129032258064,0.5483870967741935,0.6774193548387096,0.5919354838709677,0.8709677419354839,0.6077060931899642,1.0,0.0184696569920844,0.1193715581470683,737.0,,,,0.0,0.7440226451218909,0.6789609053497943
epinions_gnn_h32_s0,epinions,gnn_h32,0,75879,30,2026-05-07T03:23:02,0.4064287777814899,0.0121297602256699,86.0,7090.0,758.0,0.0,0.3928571428571428,0.3928571428571428,0.5744047619047619,0.7678571428571429,0.6083333333333333,0.9285714285714286,0.6189625850340137,1.0,0.0290237467018469,0.1183144246353322,730.0,,,,0.0,0.3388263185156654,0.6721833028083027
college_msg_seal_s0,college_msg,seal,0,1899,30,2026-05-07T03:24:37,0.4314643279463934,0.0055340343110127,10.0,1807.0,189.0,0.0,0.0,0.0,0.1111111111111111,0.2222222222222222,0.1888888888888888,0.5555555555555556,0.2495149911816578,1.0,0.0,0.1638861629048086,167.0,,,,0.0,0.2729827490261547,0.4915123456790124
epinions_gnn_sum_s0,epinions,gnn_sum,0,75879,30,2026-05-07T03:26:25,0.4042158883886195,0.0098758465011286,70.0,7088.0,758.0,0.0,0.4509803921568627,0.4509803921568627,0.5555555555555556,0.6862745098039216,0.5986928104575163,0.8823529411764706,0.6136632430750077,1.0,0.0303430079155672,0.1188438559664137,736.0,,,,0.0,0.1639834303627407,0.6948877068557919
epinions_gnn_sum_h8_s0,epinions,gnn_sum_h8,0,75879,30,2026-05-07T03:27:55,0.4041588956777907,0.0090280716603188,64.0,7089.0,758.0,0.0,0.4893617021276595,0.4893617021276595,0.624113475177305,0.7872340425531915,0.6539007092198581,0.9148936170212766,0.6670719351570416,1.0,0.0303430079155672,0.1195121951219512,735.0,,,,0.0,0.6947442170818505,0.776124031007752
epinions_graphsage_emb_s0,epinions,graphsage_emb,0,75879,30,2026-05-07T03:29:27,0.4040547365855863,0.0080383584825835,57.0,7091.0,758.0,0.0,0.45,0.45,0.625,0.825,0.6375,0.875,0.6550297619047619,1.0,0.0237467018469656,0.1230971621875587,655.0,,,,0.0,0.146316886900219,0.697393077601411
epinions_jaccard_s0,epinions,jaccard,0,75879,30,2026-05-07T03:29:58,0.4061202310366581,0.0122656139856196,87.0,7093.0,758.0,0.0,0.4313725490196078,0.4313725490196078,0.5424836601307189,0.6666666666666666,0.5650326797385621,0.7647058823529411,0.5944600062247121,1.0,0.0290237467018469,0.1153786588198853,745.0,,,,0.0,0.8458250891682335,0.6182489023978386
epinions_pa_s0,epinions,pa,0,75879,30,2026-05-07T03:31:18,0.4042198189204008,0.0093088857545839,66.0,7090.0,758.0,0.0,0.2666666666666666,0.2666666666666666,0.3370370370370371,0.4222222222222222,0.3937037037037037,0.6666666666666666,0.4358553791887125,1.0,0.0158311345646438,0.1113871635610766,538.0,,,,0.0,0.793056921722924,0.4179055361982191
epinions_random_s0,epinions,random,0,75879,30,2026-05-07T03:32:37,0.4029974235364174,0.0053589056550557,38.0,7091.0,758.0,0.0,0.3214285714285714,0.3214285714285714,0.4345238095238095,0.5714285714285714,0.4577380952380952,0.6785714285714286,0.4973639455782312,1.0,0.0118733509234828,0.1215358931552587,728.0,,,,0.0,,
slashdot_aa_s0,slashdot,aa,0,77350,30,2026-05-07T03:35:30,0.4025514204132991,0.0046851315970786,34.0,7257.0,773.0,0.0,0.3448275862068966,0.3448275862068966,0.4655172413793103,0.6206896551724138,0.4982758620689655,0.7586206896551724,0.5335112205801861,1.0,0.0129366106080207,0.1137557959814528,736.0,,,,0.0,0.9465677451930518,0.6807266009852218
slashdot_cn_s0,slashdot,cn,0,77350,30,2026-05-07T03:36:48,0.4023133136524222,0.0052363235496761,38.0,7257.0,773.0,0.0,0.4827586206896552,0.4827586206896552,0.5459770114942529,0.6206896551724138,0.582183908045977,0.7931034482758621,0.6116310892172961,1.0,0.0181112548512289,0.1130823819808701,733.0,,,,0.0,0.9320451877720344,0.6908353858784895
slashdot_gat_emb_s0,slashdot,gat_emb,0,77350,30,2026-05-07T03:41:52,0.4014576779751246,0.0045467070818407,33.0,7258.0,773.0,0.0,0.4230769230769231,0.4230769230769231,0.5192307692307693,0.6538461538461539,0.5461538461538462,0.7692307692307693,0.5789987789987789,1.0,0.0142302716688227,0.1137052759248029,750.0,,,,0.0,0.1027975254272832,0.602754884004884
slashdot_gnn_s0,slashdot,gnn,0,77350,30,2026-05-07T03:42:29,0.4013163625804578,0.0037200330669605,27.0,7258.0,773.0,0.0,0.3333333333333333,0.3333333333333333,0.4365079365079365,0.5714285714285714,0.4769841269841269,0.7619047619047619,0.5077286470143612,1.0,0.0090556274256144,0.1127774445110977,752.0,,,,0.0,0.1014280080107766,0.538860544217687
slashdot_gnn_concat_s0,slashdot,gnn_concat,0,77350,30,2026-05-07T03:47:52,0.4014189614286406,0.00344400055104,25.0,7259.0,773.0,0.0,0.35,0.35,0.45,0.6,0.495,0.8,0.5195833333333333,1.0,0.0090556274256144,0.1128910382348496,747.0,,,,0.0,0.1095078794581144,0.5684275793650795
slashdot_gnn_concat_h8_s0,slashdot,gnn_concat_h8,0,77350,30,2026-05-07T03:48:28,0.4011402022939553,0.0031693537274355,23.0,7257.0,773.0,0.0,0.3157894736842105,0.3157894736842105,0.4035087719298245,0.5263157894736842,0.437719298245614,0.6842105263157895,0.4868421052631579,1.0,0.0077619663648124,0.1132877752467729,746.0,,,,0.0,0.6697930064550252,0.5755795739348372
slashdot_gnn_h32_s0,slashdot,gnn_h32,0,77350,30,2026-05-07T03:53:35,0.4017596670377002,0.0041333700744006,30.0,7258.0,773.0,0.0,0.64,0.64,0.7333333333333333,0.84,0.7413333333333333,0.88,0.7564444444444445,1.0,0.0206985769728331,0.1129764065335753,747.0,,,,0.0,0.351238240177089,0.7349603174603174
slashdot_gnn_sum_s0,slashdot,gnn_sum,0,77350,30,2026-05-07T03:54:28,0.4015641484779557,0.0039961416563318,29.0,7257.0,773.0,0.0,0.375,0.375,0.4652777777777777,0.5833333333333334,0.4923611111111111,0.7083333333333334,0.5296792328042328,1.0,0.0116429495472186,0.1134923030485964,752.0,,,,0.0,0.1528276052897735,0.599537037037037
slashdot_gnn_sum_h8_s0,slashdot,gnn_sum_h8,0,77350,30,2026-05-07T03:59:33,0.4013821807094807,0.0033062405289984,24.0,7259.0,773.0,0.0,0.4285714285714285,0.4285714285714285,0.5634920634920635,0.7619047619047619,0.5968253968253968,0.9047619047619048,0.6115646258503401,1.0,0.0116429495472186,0.1145833333333333,748.0,,,,0.0,0.620473393227367,0.707601095993953
slashdot_graphsage_emb_s0,slashdot,graphsage_emb,0,77350,30,2026-05-07T04:00:23,0.4012021487683299,0.0035822540644805,26.0,7258.0,773.0,0.0,0.2727272727272727,0.2727272727272727,0.3939393939393939,0.5454545454545454,0.4371212121212121,0.7272727272727273,0.4732323232323232,1.0,0.0077619663648124,0.1236098450319052,678.0,,,,0.0,0.1624989363512593,0.5505681818181819
slashdot_jaccard_s0,slashdot,jaccard,0,77350,30,2026-05-07T04:03:51,0.4014460630111794,0.0030315557392862,22.0,7257.0,773.0,0.0,0.4375,0.4375,0.4895833333333333,0.5625,0.5177083333333333,0.6875,0.5630952380952381,1.0,0.0090556274256144,0.1120300751879699,745.0,,,,0.0,0.8413394483885155,0.5843874007936508
slashdot_pa_s0,slashdot,pa,0,77350,30,2026-05-07T04:04:32,0.4027237090451532,0.0074410913600661,54.0,7257.0,773.0,0.0,0.275,0.275,0.4,0.575,0.4274999999999999,0.7,0.4653373015873016,1.0,0.0142302716688227,0.109073359073359,565.0,,,,0.0,0.9227713761241456,0.5723353174603174
slashdot_random_s0,slashdot,random,0,77350,30,2026-05-07T04:07:28,0.4012776460339737,0.0035817605730816,26.0,7259.0,773.0,0.0,0.125,0.125,0.1805555555555555,0.25,0.2263888888888889,0.4583333333333333,0.2917493386243386,1.0,0.0038809831824062,0.1156608097784568,757.0,,,,0.0,,
sx_mathoverflow_seal_s0,sx_mathoverflow,seal,0,24759,30,2026-05-07T04:23:37,0.4015026908956932,0.0021043771043771,5.0,2376.0,247.0,0.0,0.25,0.25,0.25,0.25,0.25,0.25,0.3419642857142857,1.0,0.0040485829959514,0.1135931558935361,239.0,,,,0.0,0.873471109236609,0.5138888888888888
sx_askubuntu_aa_s0,sx_askubuntu,aa,0,157222,30,2026-05-07T04:31:30,0.4006988346024115,0.00067521944632,10.0,14810.0,1572.0,0.0,0.5,0.5,0.6041666666666666,0.75,0.6041666666666666,0.75,0.6336805555555556,1.0,0.0025445292620865,0.1118241498856679,1516.0,,,,0.0,0.9665168918918918,0.7569444444444444
sx_askubuntu_cn_s0,sx_askubuntu,cn,0,157222,30,2026-05-07T04:43:51,0.4006217167534854,0.000607697501688,9.0,14810.0,1572.0,0.0,0.125,0.125,0.4166666666666666,0.75,0.4416666666666666,0.875,0.4555555555555556,1.0,0.0006361323155216,0.1107503873681103,1501.0,,,,0.0,0.9750242100758958,0.7352430555555556
sx_askubuntu_gat_emb_s0,sx_askubuntu,gat_emb,0,157222,30,2026-05-07T04:50:15,0.400364657257065,0.0004051590249172,6.0,14809.0,1572.0,0.0,0.1666666666666666,0.1666666666666666,0.1666666666666666,0.1666666666666666,0.2083333333333333,0.3333333333333333,0.2951058201058201,1.0,0.0006361323155216,0.1120344048400029,1537.0,,,,0.0,0.1051081987885338,0.3981481481481482
sx_askubuntu_gnn_s0,sx_askubuntu,gnn,0,157222,30,2026-05-07T04:52:11,0.4003499681429838,0.0002025795124586,3.0,14809.0,1572.0,0.0,0.6666666666666666,0.6666666666666666,0.6666666666666666,0.6666666666666666,0.6666666666666666,0.6666666666666666,0.7037037037037037,1.0,0.0012722646310432,0.111985559566787,1551.0,,,,0.0,0.1233734071772705,0.8333333333333334
sx_askubuntu_gnn_concat_s0,sx_askubuntu,gnn_concat,0,157222,30,2026-05-07T04:54:57,0.4004252498526498,0.0004051590249172,6.0,14809.0,1572.0,0.0,0.3333333333333333,0.3333333333333333,0.3333333333333333,0.3333333333333333,0.3333333333333333,0.3333333333333333,0.4148148148148148,1.0,0.0012722646310432,0.1124781595806639,1545.0,,,,0.0,0.058512914048954,0.4444444444444445
sx_askubuntu_gnn_concat_h8_s0,sx_askubuntu,gnn_concat_h8,0,157222,30,2026-05-07T05:00:18,0.4002049131414323,0.0001350530083057,2.0,14809.0,1572.0,0.0,0.0,0.0,0.0,0.0,0.125,0.5,0.1805555555555555,1.0,0.0,0.1125027306488021,1545.0,,,,0.0,0.4746403727966502,0.5833333333333334
sx_askubuntu_gnn_h32_s0,sx_askubuntu,gnn_h32,0,157222,30,2026-05-07T05:06:05,0.4004950231445354,0.000540212033223,8.0,14809.0,1572.0,0.0,0.375,0.375,0.4375,0.5,0.4375,0.5,0.4902777777777778,1.0,0.0019083969465648,0.1120208680530396,1546.0,,,,0.0,0.0674996621849874,0.6111111111111112
sx_askubuntu_gnn_sum_s0,sx_askubuntu,gnn_sum,0,157222,30,2026-05-07T05:12:40,0.4003573127000244,0.0003376325207644,5.0,14809.0,1572.0,0.0,0.2,0.2,0.3666666666666666,0.6,0.3666666666666666,0.6,0.4174603174603175,1.0,0.0006361323155216,0.1111515769538932,1526.0,,,,0.0,0.1433801675222912,0.711111111111111
sx_askubuntu_gnn_sum_h8_s0,sx_askubuntu,gnn_sum_h8,0,157222,30,2026-05-07T05:19:05,0.4004087245993085,0.0002701060166115,4.0,14809.0,1572.0,0.0,0.5,0.5,0.5,0.5,0.5,0.5,0.5694444444444444,1.0,0.0012722646310432,0.112447428613591,1524.0,,,,0.0,0.4624957784532252,0.7083333333333334
sx_askubuntu_graphsage_emb_s0,sx_askubuntu,graphsage_emb,0,157222,30,2026-05-07T05:20:41,0.4003114092185207,0.0002025795124586,3.0,14809.0,1572.0,0.0,0.6666666666666666,0.6666666666666666,0.6666666666666666,0.6666666666666666,0.6666666666666666,0.6666666666666666,0.7083333333333334,1.0,0.0012722646310432,0.1213541666666666,1398.0,,,,0.0,0.0392408483047413,0.7407407407407408
sx_askubuntu_jaccard_s0,sx_askubuntu,jaccard,0,157222,30,2026-05-07T05:21:11,0.4002710141547975,0.0001350621285791,2.0,14808.0,1572.0,0.0,0.5,0.5,0.5,0.5,0.5,0.5,0.5625,1.0,0.0006361323155216,0.1117630223239839,1562.0,,,,0.0,0.7849182763744428,0.6111111111111112
sx_askubuntu_pa_s0,sx_askubuntu,pa,0,157222,30,2026-05-07T05:26:13,0.4008126752365406,0.0009451795841209,14.0,14812.0,1572.0,0.0,0.3076923076923077,0.3076923076923077,0.4743589743589743,0.6923076923076923,0.5282051282051282,0.9230769230769232,0.5391941391941392,1.0,0.0025445292620865,0.1077865266841644,1232.0,,,,0.0,0.9677635008591896,0.7724358974358976
sx_askubuntu_random_s0,sx_askubuntu,random,0,157222,30,2026-05-07T05:31:47,0.400252652762196,0.000202565833896,3.0,14810.0,1572.0,0.0,0.0,0.0,0.2222222222222222,0.6666666666666666,0.2888888888888889,1.0,0.2888888888888889,1.0,0.0,0.1121238425925925,1550.0,,,,0.0,,
sx_superuser_aa_s0,sx_superuser,aa,0,192409,30,2026-05-07T05:56:22,0.4006615346620988,0.0007792063227027,14.0,17967.0,1924.0,0.0,0.0833333333333333,0.0833333333333333,0.3194444444444444,0.5833333333333334,0.3777777777777777,0.8333333333333334,0.3953703703703703,1.0,0.0005197505197505,0.1137094778520168,1838.0,,,,0.0,0.9650894001002616,0.6300505050505051
sx_superuser_cn_s0,sx_superuser,cn,0,192409,30,2026-05-07T05:58:02,0.4006041829309543,0.0007792063227027,14.0,17967.0,1924.0,0.0,0.3076923076923077,0.3076923076923077,0.4102564102564102,0.5384615384615384,0.4794871794871795,0.8461538461538461,0.5000915750915751,1.0,0.002079002079002,0.1136857799589985,1830.0,,,,0.0,0.9490395556651892,0.707175925925926
sx_superuser_gat_emb_s0,sx_superuser,gat_emb,0,192409,30,2026-05-07T06:01:10,0.4003572193539854,0.0003896031613513,7.0,17967.0,1924.0,0.0,0.2857142857142857,0.2857142857142857,0.4285714285714285,0.5714285714285714,0.5142857142857143,1.0,0.5142857142857143,1.0,0.001039501039501,0.1141386618225855,1885.0,,,,0.0,0.1052139675469296,0.7129629629629629
sx_superuser_gnn_s0,sx_superuser,gnn,0,192409,30,2026-05-07T06:05:42,0.400336151371116,0.0004452607558301,8.0,17967.0,1924.0,0.0,0.7142857142857143,0.7142857142857143,0.7857142857142857,0.8571428571428571,0.8142857142857143,1.0,0.8142857142857143,1.0,0.0025987525987525,0.1135750674258315,1895.0,,,,0.0,0.0809413107634055,0.8773148148148149
sx_superuser_gnn_concat_s0,sx_superuser,gnn_concat,0,192409,30,2026-05-07T06:09:50,0.400477775033738,0.0006122676166091,11.0,17966.0,1924.0,0.0,0.7,0.7,0.75,0.8,0.77,0.9,0.7842857142857144,1.0,0.0036382536382536,0.1140015766175489,1880.0,,,,0.0,0.0769600769600769,0.8703703703703705
sx_superuser_gnn_concat_h8_s0,sx_superuser,gnn_concat_h8,0,192409,30,2026-05-07T06:11:35,0.4001839937170593,0.000166982077257,3.0,17966.0,1924.0,0.0,0.6666666666666666,0.6666666666666666,0.6666666666666666,0.6666666666666666,0.7333333333333334,1.0,0.7333333333333334,1.0,0.001039501039501,0.1137666727020339,1885.0,,,,0.0,0.5653751229378908,0.75
sx_superuser_gnn_h32_s0,sx_superuser,gnn_h32,0,192409,30,2026-05-07T06:35:49,0.4004742637032598,0.0005566069241901,10.0,17966.0,1924.0,0.0,0.7,0.7,0.7333333333333333,0.8,0.7783333333333333,1.0,0.7783333333333333,1.0,0.0036382536382536,0.1141274905194727,1896.0,,,,0.0,0.1041100467810202,0.8827160493827161
sx_superuser_gnn_sum_s0,sx_superuser,gnn_sum,0,192409,30,2026-05-07T06:37:42,0.4003267878231741,0.0006122676166091,11.0,17966.0,1924.0,0.0,0.2,0.2,0.4,0.7,0.4199999999999999,0.8,0.441111111111111,1.0,0.001039501039501,0.1130107918030799,1864.0,,,,0.0,0.1340725551251867,0.6118827160493826
sx_superuser_gnn_sum_h8_s0,sx_superuser,gnn_sum_h8,0,192409,30,2026-05-07T06:40:43,0.4003806282238403,0.0006122676166091,11.0,17966.0,1924.0,0.0,0.4,0.4,0.55,0.7,0.5700000000000001,0.8,0.5977777777777777,1.0,0.002079002079002,0.1139085047589806,1855.0,,,,0.0,0.6003670793144478,0.7465277777777778
sx_superuser_jaccard_s0,sx_superuser,jaccard,0,192409,30,2026-05-07T06:42:56,0.400244856778682,0.000389624846933,7.0,17966.0,1924.0,0.0,0.4,0.4,0.4,0.4,0.45,0.6,0.5035714285714286,1.0,0.001039501039501,0.1135189693047556,1912.0,,,,0.0,0.7589429891896622,0.4543650793650793
sx_superuser_graphsage_emb_s0,sx_superuser,graphsage_emb,0,192409,30,2026-05-07T06:43:40,0.400395843989246,0.0002782879723938,5.0,17967.0,1924.0,0.0,0.6,0.6,0.6,0.6,0.64,0.8,0.6733333333333333,1.0,0.0015592515592515,0.1215469613259668,1738.0,,,,0.0,0.0891326132947333,0.6805555555555556
sx_superuser_pa_s0,sx_superuser,pa,0,192409,30,2026-05-07T06:46:17,0.4007668745764458,0.0008905710787042,16.0,17966.0,1924.0,0.0,0.4375,0.4375,0.5416666666666666,0.6875,0.5572916666666666,0.75,0.5870535714285714,1.0,0.0036382536382536,0.1089427246896964,1457.0,,,,0.0,0.9415964484679666,0.7
sx_superuser_random_s0,sx_superuser,random,0,192409,30,2026-05-07T06:47:27,0.4002249592393053,0.000278303462095,5.0,17966.0,1924.0,0.0,0.2,0.2,0.3,0.4,0.35,0.6,0.4033333333333333,1.0,0.0005197505197505,0.1141768015973861,1887.0,,,,0.0,,
bitcoin_alpha_seal_s0,bitcoin_alpha,seal,0,3783,30,2026-05-07T12:45:33,0.4429008517324072,0.0050307434320849,18.0,3578.0,378.0,0.0,0.0769230769230769,0.0769230769230769,0.1538461538461538,0.3076923076923077,0.2230769230769231,0.6153846153846154,0.2651709401709402,1.0,0.0026455026455026,0.1646373742721016,311.0,,,,0.0,0.3037297128589263,0.3899572649572649
